"filename", "language", "JSON with Comments", "TypeScript", "TypeScript JSX", "XML", "Markdown", "CSS", "JavaScript", "JSON", "comment", "blank", "total"
"c:\Users\racc0\Downloads\first-nextjs-master\first-nextjs-master\.eslintrc.json", "JSON with Comments", 3, 0, 0, 0, 0, 0, 0, 0, 0, 1, 4
"c:\Users\racc0\Downloads\first-nextjs-master\first-nextjs-master\README.md", "Markdown", 0, 0, 0, 0, 23, 0, 0, 0, 0, 14, 37
"c:\Users\racc0\Downloads\first-nextjs-master\first-nextjs-master\components.json", "JSON", 0, 0, 0, 0, 0, 0, 0, 16, 0, 0, 16
"c:\Users\racc0\Downloads\first-nextjs-master\first-nextjs-master\next.config.mjs", "JavaScript", 0, 0, 0, 0, 0, 0, 2, 0, 1, 2, 5
"c:\Users\racc0\Downloads\first-nextjs-master\first-nextjs-master\package-lock.json", "JSON", 0, 0, 0, 0, 0, 0, 0, 10280, 0, 1, 10281
"c:\Users\racc0\Downloads\first-nextjs-master\first-nextjs-master\package.json", "JSON", 0, 0, 0, 0, 0, 0, 0, 77, 0, 1, 78
"c:\Users\racc0\Downloads\first-nextjs-master\first-nextjs-master\postcss.config.mjs", "JavaScript", 0, 0, 0, 0, 0, 0, 6, 0, 1, 2, 9
"c:\Users\racc0\Downloads\first-nextjs-master\first-nextjs-master\public\next.svg", "XML", 0, 0, 0, 1, 0, 0, 0, 0, 0, 0, 1
"c:\Users\racc0\Downloads\first-nextjs-master\first-nextjs-master\public\vercel.svg", "XML", 0, 0, 0, 1, 0, 0, 0, 0, 0, 0, 1
"c:\Users\racc0\Downloads\first-nextjs-master\first-nextjs-master\src\app\admin\page.tsx", "TypeScript JSX", 0, 0, 180, 0, 0, 0, 0, 0, 26, 48, 254
"c:\Users\racc0\Downloads\first-nextjs-master\first-nextjs-master\src\app\api\checkifvoted\route.ts", "TypeScript", 0, 17, 0, 0, 0, 0, 0, 0, 4, 5, 26
"c:\Users\racc0\Downloads\first-nextjs-master\first-nextjs-master\src\app\api\getcategories\route.ts", "TypeScript", 0, 13, 0, 0, 0, 0, 0, 0, 0, 4, 17
"c:\Users\racc0\Downloads\first-nextjs-master\first-nextjs-master\src\app\api\getextraoptions\route.ts", "TypeScript", 0, 13, 0, 0, 0, 0, 0, 0, 0, 3, 16
"c:\Users\racc0\Downloads\first-nextjs-master\first-nextjs-master\src\app\api\getextraquestions\route.ts", "TypeScript", 0, 13, 0, 0, 0, 0, 0, 0, 0, 2, 15
"c:\Users\racc0\Downloads\first-nextjs-master\first-nextjs-master\src\app\api\getvgi\route.ts", "TypeScript", 0, 26, 0, 0, 0, 0, 0, 0, 0, 2, 28
"c:\Users\racc0\Downloads\first-nextjs-master\first-nextjs-master\src\app\api\getvotes\route.ts", "TypeScript", 0, 49, 0, 0, 0, 0, 0, 0, 0, 4, 53
"c:\Users\racc0\Downloads\first-nextjs-master\first-nextjs-master\src\app\api\getvotesextra\route.ts", "TypeScript", 0, 13, 0, 0, 0, 0, 0, 0, 1, 3, 17
"c:\Users\racc0\Downloads\first-nextjs-master\first-nextjs-master\src\app\api\getvotingoptions\route.ts", "TypeScript", 0, 13, 0, 0, 0, 0, 0, 0, 0, 3, 16
"c:\Users\racc0\Downloads\first-nextjs-master\first-nextjs-master\src\app\error-incognito\page.tsx", "TypeScript JSX", 0, 0, 4, 0, 0, 0, 0, 0, 0, 2, 6
"c:\Users\racc0\Downloads\first-nextjs-master\first-nextjs-master\src\app\error-vote\page.tsx", "TypeScript JSX", 0, 0, 29, 0, 0, 0, 0, 0, 2, 8, 39
"c:\Users\racc0\Downloads\first-nextjs-master\first-nextjs-master\src\app\fonts.ts", "TypeScript", 0, 11, 0, 0, 0, 0, 0, 0, 0, 3, 14
"c:\Users\racc0\Downloads\first-nextjs-master\first-nextjs-master\src\app\gbf.d.ts", "TypeScript", 0, 2, 0, 0, 0, 0, 0, 0, 0, 1, 3
"c:\Users\racc0\Downloads\first-nextjs-master\first-nextjs-master\src\app\globals.css", "CSS", 0, 0, 0, 0, 0, 176, 0, 0, 5, 23, 204
"c:\Users\racc0\Downloads\first-nextjs-master\first-nextjs-master\src\app\layout.tsx", "TypeScript JSX", 0, 0, 18, 0, 0, 0, 0, 0, 2, 5, 25
"c:\Users\racc0\Downloads\first-nextjs-master\first-nextjs-master\src\app\page.tsx", "TypeScript JSX", 0, 0, 113, 0, 0, 0, 0, 0, 93, 49, 255
"c:\Users\racc0\Downloads\first-nextjs-master\first-nextjs-master\src\app\stats\page.tsx", "TypeScript JSX", 0, 0, 305, 0, 0, 0, 0, 0, 30, 64, 399
"c:\Users\racc0\Downloads\first-nextjs-master\first-nextjs-master\src\app\thanks\page.tsx", "TypeScript JSX", 0, 0, 4, 0, 0, 0, 0, 0, 0, 2, 6
"c:\Users\racc0\Downloads\first-nextjs-master\first-nextjs-master\src\app\validation\page.tsx", "TypeScript JSX", 0, 0, 491, 0, 0, 0, 0, 0, 91, 86, 668
"c:\Users\racc0\Downloads\first-nextjs-master\first-nextjs-master\src\components\SortableItem.tsx", "TypeScript JSX", 0, 0, 105, 0, 0, 0, 0, 0, 0, 13, 118
"c:\Users\racc0\Downloads\first-nextjs-master\first-nextjs-master\src\components\SortableList.tsx", "TypeScript JSX", 0, 0, 0, 0, 0, 0, 0, 0, 0, 1, 1
"c:\Users\racc0\Downloads\first-nextjs-master\first-nextjs-master\src\components\component\admin-option.tsx", "TypeScript JSX", 0, 0, 535, 0, 0, 0, 0, 0, 26, 46, 607
"c:\Users\racc0\Downloads\first-nextjs-master\first-nextjs-master\src\components\component\error-incognito.tsx", "TypeScript JSX", 0, 0, 96, 0, 0, 0, 0, 0, 17, 10, 123
"c:\Users\racc0\Downloads\first-nextjs-master\first-nextjs-master\src\components\component\error-vote.tsx", "TypeScript JSX", 0, 0, 251, 0, 0, 0, 0, 0, 13, 19, 283
"c:\Users\racc0\Downloads\first-nextjs-master\first-nextjs-master\src\components\component\markdown-renderer.tsx", "TypeScript JSX", 0, 0, 9, 0, 0, 0, 0, 0, 1, 4, 14
"c:\Users\racc0\Downloads\first-nextjs-master\first-nextjs-master\src\components\component\settings.tsx", "TypeScript JSX", 0, 0, 1211, 0, 0, 0, 0, 0, 158, 125, 1494
"c:\Users\racc0\Downloads\first-nextjs-master\first-nextjs-master\src\components\component\stats.tsx", "TypeScript JSX", 0, 0, 2089, 0, 0, 0, 0, 0, 705, 207, 3001
"c:\Users\racc0\Downloads\first-nextjs-master\first-nextjs-master\src\components\component\thanks.tsx", "TypeScript JSX", 0, 0, 75, 0, 0, 0, 0, 0, 20, 6, 101
"c:\Users\racc0\Downloads\first-nextjs-master\first-nextjs-master\src\components\component\time-picker-demo.tsx", "TypeScript JSX", 0, 0, 51, 0, 0, 0, 0, 0, 12, 5, 68
"c:\Users\racc0\Downloads\first-nextjs-master\first-nextjs-master\src\components\component\time-picker-input.tsx", "TypeScript JSX", 0, 0, 110, 0, 0, 0, 0, 0, 8, 14, 132
"c:\Users\racc0\Downloads\first-nextjs-master\first-nextjs-master\src\components\component\time-picker-utils.tsx", "TypeScript JSX", 0, 0, 160, 0, 0, 0, 0, 0, 19, 25, 204
"c:\Users\racc0\Downloads\first-nextjs-master\first-nextjs-master\src\components\component\top-area.tsx", "TypeScript JSX", 0, 0, 40, 0, 0, 0, 0, 0, 7, 3, 50
"c:\Users\racc0\Downloads\first-nextjs-master\first-nextjs-master\src\components\component\validation.tsx", "TypeScript JSX", 0, 0, 27, 0, 0, 0, 0, 0, 341, 44, 412
"c:\Users\racc0\Downloads\first-nextjs-master\first-nextjs-master\src\components\component\voting-core.tsx", "TypeScript JSX", 0, 0, 760, 0, 0, 0, 0, 0, 215, 79, 1054
"c:\Users\racc0\Downloads\first-nextjs-master\first-nextjs-master\src\components\ui\accordion.tsx", "TypeScript JSX", 0, 0, 50, 0, 0, 0, 0, 0, 0, 9, 59
"c:\Users\racc0\Downloads\first-nextjs-master\first-nextjs-master\src\components\ui\alert-dialog.tsx", "TypeScript JSX", 0, 0, 127, 0, 0, 0, 0, 0, 0, 15, 142
"c:\Users\racc0\Downloads\first-nextjs-master\first-nextjs-master\src\components\ui\button.tsx", "TypeScript JSX", 0, 0, 51, 0, 0, 0, 0, 0, 0, 6, 57
"c:\Users\racc0\Downloads\first-nextjs-master\first-nextjs-master\src\components\ui\button\index.ts", "TypeScript", 0, 43, 0, 0, 0, 0, 0, 0, 1, 6, 50
"c:\Users\racc0\Downloads\first-nextjs-master\first-nextjs-master\src\components\ui\calendar.tsx", "TypeScript JSX", 0, 0, 61, 0, 0, 0, 0, 0, 0, 6, 67
"c:\Users\racc0\Downloads\first-nextjs-master\first-nextjs-master\src\components\ui\card.tsx", "TypeScript JSX", 0, 0, 71, 0, 0, 0, 0, 0, 0, 9, 80
"c:\Users\racc0\Downloads\first-nextjs-master\first-nextjs-master\src\components\ui\chart.tsx", "TypeScript JSX", 0, 0, 327, 0, 0, 0, 0, 0, 2, 37, 366
"c:\Users\racc0\Downloads\first-nextjs-master\first-nextjs-master\src\components\ui\checkbox.tsx", "TypeScript JSX", 0, 0, 26, 0, 0, 0, 0, 0, 0, 5, 31
"c:\Users\racc0\Downloads\first-nextjs-master\first-nextjs-master\src\components\ui\datetime-picker.tsx", "TypeScript JSX", 0, 0, 386, 0, 0, 0, 0, 0, 5, 36, 427
"c:\Users\racc0\Downloads\first-nextjs-master\first-nextjs-master\src\components\ui\dialog.tsx", "TypeScript JSX", 0, 0, 109, 0, 0, 0, 0, 0, 0, 14, 123
"c:\Users\racc0\Downloads\first-nextjs-master\first-nextjs-master\src\components\ui\input.tsx", "TypeScript JSX", 0, 0, 21, 0, 0, 0, 0, 0, 0, 5, 26
"c:\Users\racc0\Downloads\first-nextjs-master\first-nextjs-master\src\components\ui\label.tsx", "TypeScript JSX", 0, 0, 21, 0, 0, 0, 0, 0, 0, 6, 27
"c:\Users\racc0\Downloads\first-nextjs-master\first-nextjs-master\src\components\ui\popover.tsx", "TypeScript JSX", 0, 0, 25, 0, 0, 0, 0, 0, 0, 7, 32
"c:\Users\racc0\Downloads\first-nextjs-master\first-nextjs-master\src\components\ui\range-calendar\index.ts", "TypeScript", 0, 28, 0, 0, 0, 0, 0, 0, 1, 2, 31
"c:\Users\racc0\Downloads\first-nextjs-master\first-nextjs-master\src\components\ui\scroll-area.tsx", "TypeScript JSX", 0, 0, 43, 0, 0, 0, 0, 0, 0, 6, 49
"c:\Users\racc0\Downloads\first-nextjs-master\first-nextjs-master\src\components\ui\select.tsx", "TypeScript JSX", 0, 0, 146, 0, 0, 0, 0, 0, 0, 15, 161
"c:\Users\racc0\Downloads\first-nextjs-master\first-nextjs-master\src\components\ui\separator.tsx", "TypeScript JSX", 0, 0, 27, 0, 0, 0, 0, 0, 0, 5, 32
"c:\Users\racc0\Downloads\first-nextjs-master\first-nextjs-master\src\components\ui\skeleton.tsx", "TypeScript JSX", 0, 0, 13, 0, 0, 0, 0, 0, 0, 3, 16
"c:\Users\racc0\Downloads\first-nextjs-master\first-nextjs-master\src\components\ui\sonner.tsx", "TypeScript JSX", 0, 0, 26, 0, 0, 0, 0, 0, 0, 6, 32
"c:\Users\racc0\Downloads\first-nextjs-master\first-nextjs-master\src\components\ui\switch.tsx", "TypeScript JSX", 0, 0, 25, 0, 0, 0, 0, 0, 0, 5, 30
"c:\Users\racc0\Downloads\first-nextjs-master\first-nextjs-master\src\components\ui\table.tsx", "TypeScript JSX", 0, 0, 107, 0, 0, 0, 0, 0, 0, 11, 118
"c:\Users\racc0\Downloads\first-nextjs-master\first-nextjs-master\src\components\ui\tabs.tsx", "TypeScript JSX", 0, 0, 48, 0, 0, 0, 0, 0, 0, 8, 56
"c:\Users\racc0\Downloads\first-nextjs-master\first-nextjs-master\src\components\ui\textarea.tsx", "TypeScript JSX", 0, 0, 20, 0, 0, 0, 0, 0, 0, 5, 25
"c:\Users\racc0\Downloads\first-nextjs-master\first-nextjs-master\src\components\ui\toast.tsx", "TypeScript JSX", 0, 0, 117, 0, 0, 0, 0, 0, 0, 14, 131
"c:\Users\racc0\Downloads\first-nextjs-master\first-nextjs-master\src\components\ui\toaster.tsx", "TypeScript JSX", 0, 0, 32, 0, 0, 0, 0, 0, 0, 4, 36
"c:\Users\racc0\Downloads\first-nextjs-master\first-nextjs-master\src\components\ui\use-toast.ts", "TypeScript", 0, 160, 0, 0, 0, 0, 0, 0, 3, 32, 195
"c:\Users\racc0\Downloads\first-nextjs-master\first-nextjs-master\src\lib\utils.ts", "TypeScript", 0, 5, 0, 0, 0, 0, 0, 0, 0, 2, 7
"c:\Users\racc0\Downloads\first-nextjs-master\first-nextjs-master\src\middleware.ts", "TypeScript", 0, 56, 0, 0, 0, 0, 0, 0, 2, 8, 66
"c:\Users\racc0\Downloads\first-nextjs-master\first-nextjs-master\tailwind.config.ts", "TypeScript", 0, 34, 0, 0, 0, 0, 0, 0, 12, 4, 50
"c:\Users\racc0\Downloads\first-nextjs-master\first-nextjs-master\tsconfig.json", "JSON with Comments", 27, 0, 0, 0, 0, 0, 0, 0, 0, 2, 29
"Total", "-", 30, 496, 8542, 2, 23, 176, 8, 10373, 1824, 1232, 22706